GENE_ID,5916,6256,7008,55509,10320,3665,5371,6772,6773
COMMON,RARG,RXRA,TEF,BATF3,IKZF1,IRF7,PML,STAT1,STAT2
TCGA-BF-A1PU-01,-0.9083,-0.7165,1.8404,-0.9125,-0.5848,-0.8836,-0.4739,-0.9716,-0.8876
TCGA-BF-A1PV-01,0.7496,-0.9707,-0.6190,-0.7844,-0.5614,-0.2470,-0.5030,-0.8694,-0.3369
TCGA-BF-A1PX-01,1.0749,2.8535,-0.1343,0.3051,0.0052,0.3150,0.7192,0.5378,0.2740
TCGA-BF-A1PZ-01,-1.1562,-0.5333,-0.0568,-0.6570,-0.5336,2.5150,0.1108,0.1918,0.2737
TCGA-BF-A1Q0-01,-1.0372,-0.3855,-0.0965,1.2978,-0.4236,-0.0730,0.6285,-0.1096,-0.4662
TCGA-D3-A1Q1-06,1.9438,-0.0571,-0.5826,-0.9735,-0.5604,-1.1274,-1.0191,-0.9717,-0.9043
TCGA-D3-A1Q3-06,-0.3118,-0.7913,0.6612,0.0635,0.0251,-0.8193,-0.5657,0.3375,-0.1830
TCGA-D3-A1Q4-06,1.2325,0.9382,0.3508,-0.4493,-0.3752,-0.7817,-0.3274,-0.6958,-1.1610
TCGA-D3-A1Q5-06,1.7170,0.4810,2.0221,-0.5952,-0.5400,-1.0058,-0.8110,-1.0230,-1.0445
TCGA-D3-A1Q6-06,3.2590,-1.4762,-0.8499,-0.7823,-0.4599,-0.9927,-0.3077,-0.5503,-0.7672
TCGA-D3-A1Q7-06,-0.3154,0.3356,-0.3052,1.1138,0.4989,0.7567,1.0709,3.5422,1.4534
TCGA-D3-A1Q8-06,1.0961,-1.2892,-0.2910,-0.0189,-0.2885,-0.5409,-0.1613,-0.8429,-0.2427
TCGA-D3-A1Q9-06,0.1925,-0.2270,-1.0683,-0.8410,-0.3799,-0.5947,-0.0502,0.2751,0.1794
TCGA-D3-A1QA-06,-1.0576,-2.0181,0.1910,-0.0089,-0.4990,0.7994,0.0535,1.0244,0.7777
TCGA-D3-A1QA-07,-1.2598,-1.8225,-0.2782,-0.5667,-0.4878,-1.0301,-0.6602,-0.3564,-0.9126
TCGA-D3-A1QB-06,-0.7018,0.3023,-0.2604,0.0053,0.4231,1.1016,0.9283,2.6655,4.1820
TCGA-D3-A2J6-06,-1.1921,0.6168,-0.8918,-0.4716,-0.3716,0.3597,1.0451,1.1373,0.8218
TCGA-D3-A2J7-06,-0.8336,-1.7407,0.8871,1.9454,-0.2671,-0.2083,0.1366,0.8679,1.7953
TCGA-D3-A2J8-06,0.9090,0.0745,-0.6880,1.1813,0.2096,1.7579,2.5180,0.8105,0.0861
TCGA-D3-A2J9-06,-0.9727,-1.1378,0.4150,0.9103,1.5418,0.2209,1.8110,1.8845,1.3668
TCGA-D3-A2JA-06,0.0292,-0.5875,0.1897,2.4005,-0.1902,1.6225,0.8351,2.0377,0.3921
TCGA-D3-A2JB-06,-1.2188,0.4528,0.5458,0.0808,1.6547,1.1688,0.4974,-0.2094,0.3101
TCGA-D3-A2JC-06,-0.3649,-0.1539,0.6917,0.4424,-0.3652,-0.4924,1.0277,0.9201,-0.5370
TCGA-D3-A2JD-06,-0.8116,0.4557,0.1851,-0.4999,0.7007,-0.5059,1.2404,-0.8410,0.0384
TCGA-D3-A2JF-06,-0.0450,-1.3824,1.0579,-0.0821,-0.1474,6.2087,2.8489,0.1050,1.2882
TCGA-D3-A2JG-06,-0.0482,-0.3799,-0.7839,-0.6633,-0.5506,-0.9437,-0.6065,-0.8087,-0.4630
TCGA-D3-A2JH-06,-0.1022,-0.5097,-0.7546,0.7189,0.2399,0.9135,0.9278,2.3677,1.9717
TCGA-D3-A2JK-06,1.0629,1.2516,-0.1231,-0.2281,-0.5402,-0.4455,1.8854,-1.1278,-0.7572
TCGA-D3-A2JL-06,-1.1513,-1.2973,-0.1542,-0.4994,-0.1397,1.3248,0.7214,0.6248,0.8213
TCGA-D3-A2JN-06,3.8938,0.2998,0.9675,0.1734,-0.2670,-0.4202,-0.0371,-0.6996,-1.4324
TCGA-D3-A2JO-06,-0.9970,-1.3053,-0.4991,-0.3021,-0.0623,-0.5245,-0.4810,0.3293,-0.6633
TCGA-D3-A2JP-06,-1.0667,-0.9705,0.4625,-0.0621,-0.3087,0.3570,-0.3462,-0.3803,-0.7383
TCGA-D3-A3BZ-06,-0.5813,-0.2895,-0.2769,2.9830,0.1077,-0.0434,0.4961,0.0663,-0.5034
TCGA-D3-A3C1-06,-0.3385,-1.0078,2.6635,2.4684,-0.4897,0.3628,1.0131,-0.5811,4.3780
TCGA-D3-A3C3-06,2.0453,-1.6624,-1.3687,-0.6357,-0.3326,2.7446,-0.1945,-0.6878,-1.3898
TCGA-D3-A3C6-06,1.1184,-1.3701,-0.7476,-0.6470,-0.5571,0.2810,-0.8569,-0.5725,-0.5449
TCGA-D3-A3C7-06,-0.0977,-1.1002,0.3224,4.4502,-0.3569,-0.6655,-0.6238,-0.7645,-1.3202
TCGA-D3-A3C8-06,-0.7440,-1.1669,-0.2791,5.6485,1.3394,1.6924,1.7621,2.2323,0.7971
TCGA-D3-A3CB-06,-0.4871,-0.2521,-0.0182,0.1676,0.9584,1.0351,0.7768,1.1496,-0.1423
TCGA-D3-A3CC-06,-1.0027,-0.7867,0.1557,0.3117,-0.4777,-0.9287,-0.7703,-0.7366,-0.9908
TCGA-D3-A3CE-06,-0.4368,-0.3016,-0.8646,-0.5526,-0.0892,-0.3838,-0.4995,-0.1817,-0.7911
TCGA-D3-A3CF-06,0.0107,-1.2291,-0.6095,-0.1742,0.4584,0.0032,-0.4298,-0.0932,1.1967
TCGA-D9-A148-06,-1.2072,-0.8123,0.1530,-0.9977,-0.4507,-0.9494,0.9810,-0.0885,0.7678
TCGA-D9-A149-06,0.1633,-1.3490,-0.7074,-0.8344,-0.2076,1.7526,7.8593,0.7875,1.8534
TCGA-D9-A1JW-06,0.1532,0.0117,-0.1747,-0.2127,0.1021,0.8246,1.2072,0.4550,1.3909
TCGA-D9-A1JX-06,1.3653,0.5243,1.7348,-0.4325,-0.1903,-0.7345,-0.1772,0.5957,0.5525
TCGA-D9-A1X3-06,-0.1210,-0.3794,0.4372,-0.5982,-0.5763,-0.7981,-0.2628,-1.0498,-0.6440
TCGA-DA-A1HV-06,-0.3512,-1.2153,1.7132,-0.1743,-0.1253,0.2574,0.4096,0.8275,0.9123
TCGA-DA-A1HW-06,-0.2508,2.4115,-0.6706,-0.2602,0.1437,-0.5942,-0.3516,2.1115,1.7718
TCGA-DA-A1HY-06,-0.4368,-1.1801,0.3739,-0.8931,-0.5421,-0.3152,0.0329,-0.1705,-0.3423
TCGA-DA-A1I1-06,-0.4997,-0.3061,2.4611,1.0911,-0.1522,-0.2650,-0.5293,1.3352,-0.0467
TCGA-DA-A1I2-06,-0.0015,-0.3751,-0.4461,-0.4697,-0.4280,0.7051,-0.0183,0.8901,2.3914
TCGA-DA-A1I4-06,-0.5075,-0.3582,-0.8475,-0.3859,-0.3439,-0.1544,-0.4784,-0.7691,-0.2255
TCGA-DA-A1I5-06,0.0157,-0.1568,-0.9441,0.1829,-0.0636,-0.4305,-0.2642,-0.0193,-0.5382
TCGA-DA-A1I7-06,0.9638,-0.6549,-0.1740,0.6523,-0.5077,-0.2632,0.3949,-0.2330,-0.9693
TCGA-DA-A1I8-06,2.2485,0.4018,1.4789,0.7186,-0.5024,-0.3206,-0.7514,-0.4699,-0.1907
TCGA-DA-A1IA-06,-0.7322,1.1505,-0.2165,-0.8480,-0.5547,0.3061,0.9017,-1.0160,1.5170
TCGA-DA-A1IB-06,-1.0171,-1.0171,-0.5821,1.4130,2.2383,0.5477,-0.1250,0.6396,-0.0529
TCGA-DA-A1IC-06,0.6062,-0.8912,-0.6787,-0.8539,-0.4663,0.1945,-0.4469,-0.5317,-0.4174
TCGA-EB-A1NK-01,-0.2150,0.9531,0.5559,-0.8509,-0.5151,-0.7358,-0.1429,-0.8596,-1.0510
TCGA-EB-A24C-01,-0.1050,-0.7550,-0.7171,-0.8854,-0.5640,-0.2760,-0.3484,-0.8408,0.5259
TCGA-EB-A24D-01,-0.8871,-0.6054,-0.0092,-0.6457,-0.3985,-1.0313,-0.9543,-0.7154,-0.4378
TCGA-EB-A299-01,2.7443,2.0296,1.8370,-0.0171,-0.5039,0.0561,0.0039,-0.5918,-0.5957
TCGA-EE-A17X-06,-0.8565,-0.9391,-1.0822,-0.9799,-0.5363,-0.6081,-0.1439,-0.7957,-0.2584
TCGA-EE-A17Y-06,0.7883,-0.7926,-1.0881,0.5018,-0.5781,-0.6578,-0.4344,-0.8125,-1.0918
TCGA-EE-A17Z-06,-0.0467,1.1203,0.5752,-0.2548,-0.5776,-0.8610,-0.1456,-1.0431,0.3335
TCGA-EE-A181-06,-0.5272,-1.0160,-0.2230,-0.0814,0.0068,-0.1327,0.2950,1.9354,0.5732
TCGA-EE-A182-06,1.8938,0.5814,-0.2351,-0.5955,-0.5069,-0.5448,4.2922,-1.0529,-0.0283
TCGA-EE-A183-06,-0.3520,0.5480,0.1760,0.0640,0.3996,0.6849,3.7777,-0.8532,0.3122
TCGA-EE-A184-06,-0.3660,-1.1814,0.8681,-0.8721,-0.3379,-0.4003,-0.3082,-0.5281,-0.0205
TCGA-EE-A185-06,-0.9414,-1.2129,-0.5235,-0.8928,-0.5921,-0.7772,0.0979,-0.9594,-0.2904
TCGA-EE-A20B-06,-0.1858,0.5622,1.0247,-0.6757,-0.3426,-0.6164,-0.6110,-0.6465,-0.9181
TCGA-EE-A20C-06,-0.7533,1.0847,4.0668,-0.7938,-0.5758,-0.5307,0.2630,-0.5406,-0.6134
TCGA-EE-A20F-06,-0.4743,-1.4529,-0.8740,-0.7544,-0.3600,0.1423,0.9930,-0.2333,0.6927
TCGA-EE-A20H-06,2.8263,-0.6377,-0.2768,6.2838,-0.5505,-0.6652,-0.5668,-0.7689,-1.0797
TCGA-EE-A20I-06,-1.3415,0.6146,-0.6516,-0.8296,-0.4348,0.2507,0.4406,0.5981,-1.0492
TCGA-EE-A29A-06,1.4166,0.3466,3.0551,-0.4261,-0.5675,-0.7696,-0.5396,-0.5767,-0.7945
TCGA-EE-A29B-06,1.5580,0.2592,0.2031,-0.8224,-0.5105,-0.1029,0.1573,-0.8064,-0.2135
TCGA-EE-A29C-06,-0.8752,0.6464,-1.1612,-0.4588,-0.4697,-0.4370,0.2111,-0.8720,-1.0025
TCGA-EE-A29D-06,0.0993,-1.5080,-0.3735,-0.5680,-0.5337,-0.0584,-0.4887,-0.8374,0.2401
TCGA-EE-A29E-06,-0.3362,-0.5820,-1.0916,-0.6287,-0.5851,-0.9847,-1.1009,-0.9579,-0.4552
TCGA-EE-A29G-06,3.1386,4.7433,0.3748,-0.7594,-0.3656,-0.7249,-0.2318,-0.6103,-1.0779
TCGA-EE-A29H-06,-0.2200,0.0966,-0.7753,-0.7607,-0.2602,-0.1248,-0.2445,-0.2327,0.7131
TCGA-EE-A29L-06,-1.0437,-1.5304,0.4641,-0.4250,-0.5835,-1.0183,-1.0240,-0.6399,0.2793
TCGA-EE-A29M-06,-0.3960,-0.7678,-0.6816,-0.6281,-0.2683,-0.3324,-0.1256,1.1140,3.5030
TCGA-EE-A29N-06,-0.9825,-1.2796,-0.7129,-0.1864,0.1897,-0.0470,-0.1185,0.8944,0.5597
TCGA-EE-A29P-06,-0.3584,-1.0332,1.0494,-0.0320,0.3276,0.2313,-0.2451,2.9568,0.8264
TCGA-EE-A29Q-06,-1.1829,-1.6971,-0.6816,1.4114,-0.5442,-0.8802,-0.7026,-0.6947,-1.0286
TCGA-EE-A29R-06,0.0083,-0.7794,-0.7994,-0.0432,-0.5529,-0.9291,-1.0604,-0.7800,-1.2662
TCGA-EE-A29S-06,0.3848,-1.2133,-0.1291,-0.4324,-0.3545,-0.6719,-0.8926,-0.5296,-1.3060
TCGA-EE-A29T-06,1.4122,-0.5657,0.5484,0.1690,-0.1624,-0.9847,-0.1235,0.3368,-1.0340
TCGA-EE-A29V-06,0.1909,0.6108,0.0721,-0.9506,-0.5761,-0.7992,0.9103,-0.8907,-0.7525
TCGA-EE-A29W-06,0.8588,0.9821,1.4753,-0.1928,-0.5336,-1.0110,-0.6944,-0.8853,-1.4806
TCGA-EE-A29X-06,-0.7279,-0.7344,0.0429,-0.6039,-0.2473,-0.1318,0.2642,-0.1497,-0.3331
TCGA-EE-A2A0-06,0.2694,-1.5503,-1.0870,-0.6571,0.3256,-1.1557,-1.0157,-0.0055,0.5011
TCGA-EE-A2A1-06,0.9511,0.6809,0.0623,-0.1022,0.4558,-0.0172,0.9884,0.6039,0.9403
TCGA-EE-A2A2-06,0.0799,-1.6529,-0.0587,-0.1640,-0.1612,-0.5747,-0.7913,-0.4572,-1.1511
TCGA-EE-A2A5-06,1.2999,0.8096,0.7323,-0.4643,-0.5017,-0.9226,-1.0993,-0.9094,-1.3119
TCGA-EE-A2A6-06,-0.5156,-0.2663,1.0283,0.8975,-0.1010,-0.1501,-0.2722,0.6053,1.3802
TCGA-EE-A2GB-06,-0.8038,-1.1576,0.5238,-0.9546,-0.5034,-0.1441,-0.3776,-0.0103,1.1549
TCGA-EE-A2GC-06,-1.3013,-1.4988,0.1974,0.1594,-0.1156,-0.7025,-0.4730,4.5956,1.0734
TCGA-EE-A2GD-06,-0.3657,-1.0337,0.6413,0.1493,-0.3730,-0.8157,-0.8564,-0.3445,-0.1209
TCGA-EE-A2GE-06,2.2717,-0.5141,-0.8085,0.9407,0.3318,-0.2948,0.3534,0.3903,-0.2567
TCGA-EE-A2GH-06,-0.3237,-0.8952,-0.7396,0.2060,0.2947,0.1584,-0.1518,-0.3927,-0.6316
TCGA-EE-A2GI-06,-0.5867,-1.3990,0.4925,0.0463,-0.1495,0.1394,1.2832,1.1884,0.7998
TCGA-EE-A2GJ-06,0.4188,-1.0982,-0.0881,-0.2666,-0.0293,-0.2570,-0.5876,0.7622,0.7334
TCGA-EE-A2GK-06,-1.0838,-0.3836,-0.4593,1.7969,4.8533,1.6612,-0.2578,-0.5427,-0.6161
TCGA-EE-A2GL-06,0.7723,-1.2238,-0.1131,0.3982,1.0759,0.3307,-0.4180,-0.5034,-0.9904
TCGA-EE-A2GM-06,-0.5015,-1.0538,-1.1661,-0.6596,-0.5229,-1.0853,-0.7990,-0.5270,0.1187
TCGA-EE-A2GN-06,1.2324,2.7347,0.1034,-0.6379,-0.5115,-0.8881,0.0494,-0.7540,-0.6257
TCGA-EE-A2GO-06,1.0877,-0.8991,1.4582,0.4945,-0.5655,-0.8721,1.1269,-0.9095,-1.3366
TCGA-EE-A2GP-06,-0.2363,-0.1633,-0.8478,-0.3121,-0.3280,-0.5669,-0.9092,-0.6294,-0.8077
TCGA-EE-A2GR-06,-1.2025,-1.6171,0.8509,-0.8235,-0.5795,-0.7884,-0.9225,-1.0114,-0.7331
TCGA-EE-A2GS-06,0.0175,-0.6880,-0.9344,-0.6157,-0.4864,1.8984,0.0210,1.9817,0.8758
TCGA-EE-A2GT-06,-0.7136,-0.2903,0.3117,-0.1246,1.1410,0.0657,-0.4345,-0.8057,-0.4487
TCGA-EE-A2GU-06,-0.9983,-0.7251,-0.6174,0.2179,-0.0708,-0.4238,1.3717,2.6254,-0.0980
TCGA-EE-A2M5-06,0.2642,-0.7424,-0.8814,1.7986,-0.4215,-0.7786,-0.3276,-0.4040,-1.2711
TCGA-EE-A2M6-06,-0.4754,-0.4395,-0.3913,0.5146,-0.3567,-0.8917,-1.1569,-0.8475,-1.6454
TCGA-EE-A2M7-06,3.6749,0.8419,5.6356,-0.7397,0.0497,-0.4125,-0.1012,-0.0648,-0.8867
TCGA-EE-A2M8-06,-0.0256,-0.5920,0.1849,0.0487,1.5013,0.0131,0.8731,2.9365,1.6040
TCGA-EE-A2MC-06,-1.2212,-1.3146,-0.6871,2.8910,0.0978,0.1535,0.5123,0.4342,-0.1027
TCGA-EE-A2MD-06,-0.7730,0.3579,-0.8730,-0.9777,-0.3378,-1.0194,-0.2181,-0.5703,-0.3667
TCGA-EE-A2ME-06,-1.0042,-0.4572,0.9300,0.9278,2.9015,-0.2081,0.0174,1.8953,0.3096
TCGA-EE-A2MG-06,-0.8907,-0.1433,-0.6532,0.6619,1.6205,0.6090,-0.1081,-0.1918,-0.2725
TCGA-EE-A2MH-06,0.2748,-1.3967,0.4469,0.7460,0.2185,0.5210,-0.5611,0.2209,0.6240
TCGA-EE-A2MI-06,-1.3353,0.4425,0.2655,0.3979,-0.1611,-0.7122,-0.5016,0.3380,-0.8061
TCGA-EE-A2MJ-06,-0.8529,-0.8605,0.7422,0.8627,0.6446,0.0416,0.4604,1.0731,1.2429
TCGA-EE-A2MK-06,-0.3783,-1.2291,1.0535,-0.5727,-0.2426,-0.3348,0.0109,0.4544,-0.3616
TCGA-EE-A2ML-06,0.1549,-1.1725,2.8440,-0.7741,-0.1834,-0.4343,-0.7607,1.0958,0.3603
TCGA-EE-A2MM-06,0.5302,-1.2017,-0.8264,-0.7775,-0.4878,0.3855,0.2744,-0.3010,-0.0274
TCGA-EE-A2MN-06,-0.2887,1.0070,5.6473,0.0142,-0.0041,-0.5797,0.6291,0.4304,-0.3001
TCGA-EE-A2MP-06,-0.4084,-0.3187,0.0922,-0.4024,-0.3484,-0.5529,0.2531,0.5086,0.1535
TCGA-EE-A2MQ-06,0.0504,-0.9344,-0.2134,-0.4244,-0.4621,-0.5119,-0.2060,-0.4066,-0.5154
TCGA-EE-A2MR-06,-0.8501,-0.3401,-0.2199,4.9268,1.5940,-0.3993,0.1124,0.2950,-1.0667
TCGA-EE-A2MS-06,2.0922,-0.7300,1.1854,-0.7124,-0.3434,-0.8292,-0.5473,-0.7478,1.9893
TCGA-EE-A2MT-06,0.3000,-1.0741,-1.1792,-0.7153,-0.5417,0.7788,0.1322,-0.5586,-0.2894
TCGA-EE-A2MU-06,-1.0200,-0.4173,0.4912,2.1984,0.0192,0.5693,0.1971,2.2760,0.5824
TCGA-EE-A3AA-06,0.0612,-0.7112,0.4102,-0.3991,-0.0191,0.3479,-0.0585,-0.0119,-0.5437
TCGA-EE-A3AB-06,2.0891,0.1844,-0.1530,8.1409,-0.2587,-0.6936,-0.6932,-0.9358,-1.1896
TCGA-EE-A3AC-06,0.3986,-0.0572,-0.6264,-0.8323,-0.2565,1.0012,-0.1134,0.2794,1.0504
TCGA-EE-A3AD-06,-0.5842,-0.6929,-0.1135,-1.0652,-0.5864,-0.5292,-0.7118,-0.8547,0.6058
TCGA-EE-A3AE-06,-1.1961,-0.8284,0.6235,0.1056,-0.1717,-0.2572,0.6832,1.9648,0.6332
TCGA-EE-A3AF-06,-0.4728,-1.2733,-0.2072,-0.8912,-0.3710,-0.5844,0.8081,-0.7647,0.0287
TCGA-EE-A3AG-06,-0.0484,-1.5805,-0.4175,1.2438,-0.5710,-0.8377,-0.7232,-0.8734,-1.2468
TCGA-EE-A3AH-06,2.9330,2.7353,1.9200,-0.9028,-0.5424,-0.9817,-0.9316,-0.7403,-0.2521
TCGA-ER-A193-06,-0.7327,-0.1265,0.2932,-0.1529,-0.1650,-0.2371,1.9408,1.2700,-0.7053
TCGA-ER-A194-01,0.0734,2.2080,-0.7634,-0.4763,-0.3722,1.2220,2.5400,-0.8678,0.7017
TCGA-ER-A195-06,0.3633,0.7215,2.3708,1.3537,0.0885,-0.0793,-0.4145,0.1377,-0.1827
TCGA-ER-A196-01,1.2841,1.3444,-1.0944,-0.8332,-0.5261,-0.7835,-0.3199,-0.9166,-0.3580
TCGA-ER-A197-06,-1.1190,0.1038,-0.5365,0.3446,-0.0429,-0.6222,-0.2335,1.0589,0.0973
TCGA-ER-A198-06,-0.9321,-0.2388,-0.9487,-0.7909,-0.3431,-0.4921,-0.3031,0.3963,0.6918
TCGA-ER-A199-06,0.0735,-0.8760,-0.5754,-0.1910,0.5769,-0.2110,-0.5209,0.4823,-0.1852
TCGA-ER-A19A-06,-0.1754,1.0756,1.0709,0.8925,0.8052,0.2047,1.0853,1.4787,-0.1632
TCGA-ER-A19B-06,1.3693,-0.5697,1.1302,0.5496,-0.5606,-0.8960,-0.0019,-0.4727,-0.8060
TCGA-ER-A19C-06,-0.7840,-0.5739,0.9357,-0.7913,-0.5312,-0.7979,0.2931,-0.9255,-0.5466
TCGA-ER-A19D-06,4.3884,1.0039,-0.8131,-0.5237,-0.1484,-0.8239,-0.5903,-0.4903,-0.8152
TCGA-ER-A19E-06,6.0451,0.3524,-1.1988,-0.9294,-0.4726,-1.0406,-1.3104,-0.8339,-1.3577
TCGA-ER-A19F-06,0.1465,-1.3130,-0.8361,-0.9500,-0.4970,-0.4806,-0.4099,-0.5308,0.6167
TCGA-ER-A19G-06,-0.0438,0.1364,0.1769,-0.1480,-0.1717,0.2968,-0.1680,2.3570,0.3679
TCGA-ER-A19H-06,0.8478,-0.3343,-0.9320,-0.7173,-0.2287,-0.3225,-0.4192,0.1310,1.2402
TCGA-ER-A19J-06,0.0443,1.0767,-0.2836,-0.6763,-0.4974,-0.8224,-0.9723,-0.6957,-0.4505
TCGA-ER-A19K-01,-0.6311,-0.7767,-1.1191,-0.8169,-0.5044,-0.7117,-0.0731,-0.5674,0.7348
TCGA-ER-A19L-06,0.0976,1.4183,-0.5986,-0.7329,-0.5060,-0.9727,0.2211,-0.6860,-0.9631
TCGA-ER-A19N-06,0.2048,-0.0620,-0.0310,-0.4818,0.3179,-0.2965,-0.3007,-0.3483,-0.6031
TCGA-ER-A19O-06,-0.0176,1.9615,-1.0061,-0.1423,0.0708,0.1176,3.5469,-0.6848,0.1283
TCGA-ER-A19P-06,1.0205,-0.5131,-0.7773,0.5916,2.0445,0.4504,0.8111,1.4642,0.7032
TCGA-ER-A19Q-06,0.4526,-0.7209,-0.9278,-0.6309,-0.0993,0.4160,-0.4711,0.4510,0.0798
TCGA-ER-A19S-06,-0.7582,0.4372,0.1943,0.5268,0.8891,-0.2795,1.8594,2.9818,0.5346
TCGA-ER-A19T-01,3.0411,1.5372,-0.7082,-0.5623,-0.5807,-0.1626,-0.6127,-0.9241,-1.0598
TCGA-ER-A19T-06,-0.4275,-0.5699,1.7572,1.4718,-0.3529,0.2350,0.2101,-0.7790,-0.7984
TCGA-ER-A1A1-06,-1.2972,-0.4229,-0.2152,1.5541,5.3015,0.5733,-0.3165,-0.4615,-0.2105
TCGA-ER-A2NB-01,6.4051,4.5740,0.4758,2.6762,-0.4652,1.2582,0.8553,-0.8456,-1.0346
TCGA-ER-A2NC-06,0.1469,0.7365,-0.1412,1.3845,-0.1488,-0.6320,-0.4403,-0.7620,-1.1763
TCGA-ER-A2ND-06,-0.7991,-0.4478,-0.9538,-0.1071,-0.5374,-0.3697,-0.9962,-1.0552,-0.3169
TCGA-ER-A2NE-06,-0.7282,-0.1032,0.5037,-1.0602,-0.5846,-0.8173,-0.6057,-0.9474,-0.1807
TCGA-ER-A2NF-01,-0.3014,4.0176,-1.0094,-0.5173,-0.0526,0.4332,0.3286,-0.0138,1.2433
TCGA-ER-A2NF-06,-0.8008,3.5250,-0.9374,-0.9311,-0.3283,0.9064,0.7717,-0.2867,1.6619
TCGA-ER-A2NG-06,-0.4163,-1.1228,-0.7762,-0.3698,0.1654,0.0283,1.0555,1.3798,0.2674
TCGA-ER-A2NH-06,-0.4168,0.1883,0.6630,0.3257,0.4601,0.1221,1.6439,2.7699,1.2250
TCGA-FS-A1YW-06,-0.7555,-1.5096,1.6876,-0.9629,-0.4176,-0.8142,-0.1232,-0.9248,-0.7240
TCGA-FS-A1YX-06,0.2108,1.0133,0.5679,-0.8034,-0.4859,-0.5820,-1.3256,-0.6705,-0.9997
TCGA-FS-A1YY-06,-0.8194,-1.6512,-0.2472,-0.7911,-0.5482,-1.0438,-0.5822,-1.0862,-0.5446
TCGA-FS-A1Z0-06,0.2738,-0.2670,-0.7184,-0.6561,-0.1027,-0.8355,-0.9910,0.9222,-0.6820
TCGA-FS-A1Z3-06,0.2436,-1.5151,-0.8815,-0.5330,-0.5191,-0.9868,-0.3014,-0.8106,-0.3609
TCGA-FS-A1Z4-06,-0.9825,-0.1954,-0.5406,0.1764,1.0976,1.5513,-0.1547,1.0210,-0.5592
TCGA-FS-A1Z7-06,1.0944,1.0839,1.8248,-0.1478,-0.4389,-0.8719,-0.4407,-0.7360,-0.3804
TCGA-FS-A1ZA-06,-0.9261,-1.1288,-0.3083,1.8519,-0.4071,-0.9590,-0.8364,-0.3660,-1.3463
TCGA-FS-A1ZB-06,0.4242,1.3973,0.4650,-0.1538,-0.2177,1.2311,-0.0813,-0.4064,-0.2989
TCGA-FS-A1ZC-06,1.2815,-1.1888,-0.7338,3.9409,-0.5635,-0.8773,-0.9971,-0.9942,-1.4764
TCGA-FS-A1ZD-06,2.0297,2.7259,5.2732,-0.0992,-0.4820,-0.7462,-1.1141,-0.9329,-1.3459
TCGA-FS-A1ZE-06,-0.9031,-0.4893,3.5869,-0.5811,-0.5519,-1.0443,-1.2577,-0.9542,-0.9062
TCGA-FS-A1ZF-06,1.3311,-1.0546,0.0905,0.2743,-0.5534,-0.9713,-0.7662,-0.9123,-0.9721
TCGA-FS-A1ZG-06,-0.6924,-0.6038,0.7693,-0.9772,-0.5572,-0.8824,-0.2826,-0.7573,0.9909
TCGA-FS-A1ZH-06,-0.2662,0.0736,1.5241,2.8573,0.1105,-0.5206,-0.2657,-0.2351,-0.6130
TCGA-FS-A1ZJ-06,1.0609,1.2802,-0.7643,-0.6142,-0.4733,-1.0367,-1.0597,-0.8368,-1.0101
TCGA-FS-A1ZK-06,-1.0804,-1.0289,-0.1667,-0.4744,-0.5621,-0.6795,-0.9390,-0.7974,-1.0706
TCGA-FS-A1ZM-06,-0.2922,-0.7575,0.7976,1.4826,-0.1260,-0.5472,-0.7506,0.4203,0.4180
TCGA-FS-A1ZN-01,0.2235,0.2468,0.3261,-0.8088,-0.5654,-0.8255,-0.5863,-0.5439,0.2867
TCGA-FS-A1ZP-06,0.0795,0.0479,1.1073,-0.9464,-0.0748,-1.1494,-1.0466,-0.5620,0.0230
TCGA-FS-A1ZQ-06,-0.7009,-0.7428,0.9595,-0.6910,-0.4503,0.6910,1.5754,-0.5466,0.0586
TCGA-FS-A1ZR-06,1.5956,-0.6226,3.4147,-0.7877,-0.4755,-0.6932,-0.4767,-0.2993,-0.2641
TCGA-FS-A1ZS-06,0.0670,-0.8901,-0.5587,-0.8150,-0.4763,0.2019,0.4688,-0.2580,-0.5208
TCGA-FS-A1ZT-06,-0.4670,-0.2433,-0.2865,-0.8918,0.0141,-0.5472,-0.9101,0.3751,-0.5156
TCGA-FS-A1ZU-06,0.7887,-0.9939,-0.7054,-0.5990,-0.5424,-1.0668,-1.4106,-1.0629,-1.7238
TCGA-FS-A1ZW-06,-1.0498,-1.9696,-0.2022,-0.8461,0.2258,-1.1104,-1.0965,1.8036,1.4385
TCGA-FS-A1ZY-06,0.6189,2.2314,0.5939,-0.9343,-0.5764,-0.6937,-0.1463,-0.9442,-0.6633
TCGA-FS-A1ZZ-06,0.9635,-1.6273,1.5369,-1.0366,-0.5643,2.1448,-0.1263,0.1679,0.9998
TCGA-GF-A2C7-01,0.2765,0.5174,-0.3085,-0.0859,-0.5651,-1.0936,-0.6831,-0.8612,0.3290
TCGA-GN-A262-06,-0.0138,-0.6892,-0.5940,-0.9656,-0.5942,-1.0332,-0.8679,-1.0454,-0.9028
TCGA-GN-A263-01,-1.3338,-1.9991,-1.3447,-0.7587,-0.4222,-1.0093,-0.8042,-0.0561,1.0167
TCGA-GN-A264-06,-0.2347,-0.3955,-0.1291,-0.6473,-0.5365,-1.0445,-0.9468,-0.9128,-0.4098
TCGA-GN-A265-06,-0.9495,-0.7936,-0.6143,0.6207,0.1672,1.4650,-0.7530,0.2560,-0.7618
TCGA-GN-A266-06,-1.0552,-0.5179,-0.1015,0.9588,0.0229,-0.1216,-0.4093,1.2627,-0.6488
TCGA-GN-A267-06,0.5573,0.3031,-0.0271,1.4807,-0.4151,-0.5282,0.0584,-0.3202,-0.5397
TCGA-GN-A268-06,-1.3210,-1.5344,0.4693,-0.3010,-0.5579,-0.2709,-1.1334,-0.6134,0.1477
TCGA-GN-A26A-06,3.6010,-1.2346,-0.2306,0.1496,-0.3854,-0.5534,-0.5637,-0.2383,-0.5797
TCGA-GN-A26C-01,-0.7058,-0.4323,-0.3856,16.4697,0.1353,2.3330,1.1320,2.2499,-0.0240
TCGA-GN-A26D-06,-0.9983,-1.7419,-0.5788,-0.9851,-0.5080,-0.1099,-0.6475,-0.9676,-0.2430
TCGA-HR-A2OG-06,-0.7836,-0.2966,1.4865,0.5365,-0.2761,-0.1209,-0.2739,-0.5044,-0.5751
TCGA-HR-A2OH-06,-1.1997,-0.8138,0.4064,0.8677,0.8767,0.0577,1.3886,3.7142,1.0849
TCGA-BF-A3DJ-01,0.4288,-0.5968,-0.2950,-0.8042,-0.4208,0.3977,-0.4073,-0.1461,0.1984
TCGA-BF-A3DL-01,-0.3535,0.9232,-0.1991,-0.6700,-0.5627,-0.5539,2.3036,-0.9782,0.3787
TCGA-BF-A3DM-01,0.5550,0.2038,0.9983,-0.4202,-0.5770,1.9987,0.0477,0.1176,-0.6277
TCGA-BF-A3DN-01,0.3619,-0.3807,1.4954,-0.6607,-0.5552,-0.7149,-0.7801,-0.5038,-0.2914
TCGA-DA-A1I0-06,0.1398,1.9617,-0.2751,0.2921,-0.2518,-0.5905,0.1949,-1.0724,-1.0372
TCGA-DA-A3F2-06,1.0139,4.1491,1.1442,0.7770,1.7099,1.2578,2.2008,-0.6052,0.0124
TCGA-DA-A3F3-06,0.3872,-0.2237,0.2406,-1.0357,-0.5157,-0.9200,-0.0587,-0.3551,-1.1870
TCGA-DA-A3F5-06,0.3296,-1.1128,-1.0048,1.3873,-0.5553,-0.7769,-0.5934,-0.9706,-1.3028
TCGA-DA-A3F8-06,0.6439,-0.0301,1.1212,1.1810,0.7552,-0.1262,1.3393,2.0981,1.0940
TCGA-EE-A3J3-06,-0.4881,0.9814,0.1282,-0.2125,-0.3677,1.8012,0.5075,0.0997,-0.2566
TCGA-EE-A3J4-06,0.3635,1.2841,1.5884,-0.8930,-0.4946,-0.5224,-0.4770,-0.5407,-0.0985
TCGA-EE-A3J5-06,-0.7527,-0.7396,-0.9723,-0.6191,-0.2673,-0.6319,-0.0042,0.1334,-0.1412
TCGA-EE-A3J7-06,0.1013,0.0128,0.8390,0.0027,-0.5162,-0.8698,-1.0971,-0.6333,-0.9655
TCGA-EE-A3J8-06,-0.8329,-1.8489,-0.1305,-0.6257,-0.5763,-1.1762,-1.4364,-0.6683,-0.7367
TCGA-EE-A3JA-06,-1.3612,-1.8265,-0.1359,-0.9267,-0.1038,-1.1470,-1.3781,0.0363,-0.4103
TCGA-EE-A3JD-06,-1.1961,-1.3673,0.0105,0.3389,1.6464,-0.5375,-0.3050,0.4855,-0.0039
TCGA-EE-A3JE-06,-0.5441,-1.1300,-0.2451,0.1594,0.6372,-0.9384,-0.4138,1.7551,0.5736
TCGA-ER-A3ES-06,-1.2260,-0.3812,0.4103,-1.0392,-0.5827,-1.1716,-0.5201,-1.1017,-0.3118
TCGA-ER-A3ET-06,-0.2016,0.4916,0.7671,-0.4301,-0.2371,-0.3155,-0.9716,-0.1491,-0.3109
TCGA-ER-A3EV-06,1.0564,-0.0758,-0.6873,-0.7810,-0.3041,-1.0574,-0.1807,-0.5375,0.2165
TCGA-IH-A3EA-01,-0.2050,-0.5304,-0.8178,-0.2693,-0.5492,1.4427,-0.4268,-0.9708,-0.6441
TCGA-D3-A3ML-06,-0.6554,0.9715,-0.9490,-1.0460,-0.5851,-0.3645,-0.8394,-0.3649,0.4142
TCGA-D3-A3MO-06,0.7599,0.4613,-0.6491,1.5262,-0.5689,-0.6795,-0.8515,-0.9323,-0.9419
TCGA-D3-A3MR-06,0.3691,-0.7761,-0.4818,0.0734,0.1754,1.6809,0.5231,-0.3561,1.0875
TCGA-D3-A3MU-06,0.7172,0.2477,1.4946,0.2563,-0.3917,-0.6451,0.4776,-0.6093,0.6634
TCGA-D3-A3MV-06,-0.2858,-1.2786,-0.8237,0.9664,-0.5178,-0.3996,-0.2398,-0.5360,-0.4453
TCGA-EB-A3HV-01,2.4627,3.1626,0.6129,-0.4706,-0.4644,-0.4826,0.3514,-0.7013,-0.4032
TCGA-EE-A180-06,-0.2265,-0.4706,-0.6380,-0.7797,-0.5325,2.3530,0.7397,0.4357,2.2572
TCGA-EE-A2MF-06,1.6594,-1.2294,-0.3695,-0.5535,-0.3992,2.1813,-0.2425,1.4053,1.9270
TCGA-EE-A3JB-06,0.4952,-1.6048,0.0945,1.1170,-0.3570,-0.0574,-0.0407,-0.0833,-0.7541
TCGA-EE-A3JH-06,0.0881,0.5027,-0.4361,1.0601,1.1228,1.6087,1.0508,1.3155,1.2096
TCGA-EE-A3JI-06,-1.0234,-1.4294,2.7507,-1.0187,-0.4825,1.0963,-0.4863,0.3200,-0.4661
TCGA-FR-A2OS-01,-0.1900,-0.3202,-0.9474,-0.6240,-0.5363,-1.0630,-1.3501,-0.9469,-0.6369
TCGA-FW-A3I3-06,-0.2501,-0.7907,-1.1603,-0.7693,-0.5574,-0.9669,-0.7255,-0.9148,-0.8245
TCGA-D9-A3Z1-06,-1.0751,-1.1074,-0.2784,-0.3502,-0.0188,-0.6949,-0.6693,0.2485,0.4831
TCGA-D9-A3Z3-06,-0.7810,0.6956,-0.7953,-0.1417,0.1309,-0.3193,0.5913,-0.4401,1.1745
TCGA-D9-A3Z4-01,0.3185,0.8253,-0.3756,-0.8105,-0.3212,-0.5862,-0.1591,-0.0519,0.4842
TCGA-EB-A3XB-01,-0.3027,-1.2040,-0.7504,-0.7277,-0.5029,-0.6398,-0.2855,-0.3391,1.1445
TCGA-EB-A3XC-01,-0.1574,-0.9126,-0.5017,-0.4357,-0.5264,-0.1547,-0.6284,-0.3032,-0.6067
TCGA-EB-A3XD-01,3.7099,4.1921,4.7367,-0.6464,0.0796,-0.3546,0.0533,-0.6712,-0.8589
TCGA-EB-A3XE-01,0.0730,1.0027,2.2153,0.4286,-0.4605,-0.0256,0.0815,-0.7305,-1.0428
TCGA-EB-A3XF-01,0.6275,-0.7510,-0.0862,0.0239,-0.4650,0.1209,-0.2213,3.0037,2.4311
TCGA-EB-A3Y6-01,-0.9230,-0.1999,0.8106,-0.7868,-0.5123,-0.9001,-0.4793,-0.2655,0.0551
TCGA-EB-A3Y7-01,-0.1883,1.1196,0.8572,0.0765,-0.5803,-0.3842,3.2614,-0.8839,-0.2116
TCGA-ER-A19M-06,-0.6926,-0.8340,-0.5958,-0.2094,-0.1217,-0.8570,0.9943,1.6424,0.0639
TCGA-ER-A19W-06,-1.0839,-1.2100,-0.4218,1.3409,0.8001,0.7727,0.3705,4.8188,1.4577
TCGA-ER-A3PL-06,-0.5506,-1.0133,-0.1902,-0.6220,-0.5038,-0.4008,-0.8243,-0.6807,-0.6257
TCGA-FR-A3R1-01,-1.0006,-1.3922,-0.5826,0.2140,-0.4698,0.3621,0.0385,3.3656,2.8830
TCGA-FR-A3YN-06,-1.1932,-0.1610,0.9967,-0.6054,-0.3597,-0.7746,-0.4223,1.0965,1.3815
TCGA-FR-A3YO-06,-0.3196,0.0243,-0.3959,-0.4284,-0.5651,-0.1096,1.0478,-1.1207,-0.4368
TCGA-FW-A3R5-06,-0.9667,-0.8401,-0.9722,-0.5078,-0.4032,-0.2806,-0.5850,-0.6006,-1.2965
TCGA-FW-A3TU-06,-0.3082,1.7619,1.2605,1.5556,-0.5252,0.2431,4.3163,-0.7468,0.9924
TCGA-FW-A3TV-06,-1.4508,-1.1054,-1.1478,-0.7896,-0.3342,-0.8489,-0.5053,-0.7102,0.3037
TCGA-GF-A3OT-06,0.2905,-1.4330,-0.8772,0.1943,-0.4697,-0.8379,-0.7995,-0.3799,-1.4258
TCGA-D9-A4Z2-01,0.4351,-0.5178,2.1136,-0.9455,-0.5471,-0.8568,-0.4832,-0.7753,-0.0494
TCGA-EB-A41A-01,0.5939,-1.2169,0.0490,-0.0358,-0.5582,-0.7907,-0.7720,-0.7835,-0.6767
TCGA-EB-A41B-01,-0.0989,1.0962,-0.5080,-0.8106,-0.5441,-0.9026,-0.7717,-0.8057,-0.1622
TCGA-EB-A42Y-01,-0.1567,-0.3736,-0.0061,1.5022,-0.5539,1.0103,-0.9830,0.0937,0.1051
TCGA-EB-A42Z-01,-0.5903,1.4059,2.6995,-0.8466,-0.5324,-0.8850,-0.3776,-0.6463,-0.9825
TCGA-EB-A430-01,0.4018,-0.1776,-0.1129,-0.6401,-0.5169,-0.9100,0.8289,-0.2637,0.4260
TCGA-ER-A42H-01,0.7841,-0.6067,0.5575,0.1971,-0.5700,-0.7652,-0.6804,-1.0408,-0.7611
TCGA-ER-A42K-06,0.7850,-1.3146,-0.0641,-0.6925,-0.5212,-0.5942,-0.3413,-0.4431,-0.6775
TCGA-ER-A42L-06,-0.9602,0.2153,-0.7238,0.0097,0.1807,-0.7955,0.1585,0.0652,-0.5075
TCGA-FR-A44A-06,-0.1203,0.3142,4.9279,0.1787,0.4211,-0.5520,1.7913,3.0879,1.2261
TCGA-FS-A4F0-06,1.0370,-1.6820,-0.1121,-0.7226,-0.5830,2.9142,0.8138,0.6645,1.8255
TCGA-FS-A4F2-06,-0.2349,-0.6996,-0.4668,-0.7450,-0.5148,-0.5519,-0.6721,-1.0075,-1.3823
TCGA-FS-A4F9-06,-1.0215,0.0005,-0.7123,-0.5733,-0.5716,-1.0528,-0.8070,-0.9109,-1.5118
TCGA-FS-A4FC-06,-0.9385,-0.8836,2.0407,-0.8059,-0.4701,-0.3625,-0.3347,-0.3575,-0.1770
TCGA-GF-A4EO-06,-0.2937,-1.5049,-0.6133,-0.3018,0.6275,0.3678,0.0481,1.0586,-0.0591
TCGA-D3-A51E-06,-0.3360,-0.9556,-0.8375,-0.8348,-0.3428,0.3806,0.6164,1.3929,0.6520
TCGA-D3-A51F-06,-0.2617,-0.2873,-0.5418,2.7534,1.4052,0.5205,1.7353,2.0805,1.2081
TCGA-D3-A51G-06,0.5572,-0.5858,-0.3007,2.5497,-0.4557,-0.8451,-0.9238,-0.0591,-1.3701
TCGA-D3-A51H-06,-1.4366,-1.0479,-0.6444,1.1169,3.8022,1.1311,0.1492,-0.1479,-0.6519
TCGA-D3-A51J-06,-0.5352,-1.0894,2.6611,0.0065,0.1733,0.4064,-0.0000,1.3725,0.0659
TCGA-D3-A51K-06,0.7096,0.7156,0.3259,0.2073,-0.3995,4.6975,-0.0130,-0.1370,0.1462
TCGA-D3-A51N-06,-0.4069,-1.4899,-0.4088,0.7459,-0.4224,3.3758,0.0363,0.2429,0.5638
TCGA-D3-A51R-06,0.3242,-1.4029,-1.3892,0.0833,-0.5857,-0.8885,-1.1199,-0.9723,-1.4000
TCGA-D3-A51T-06,-0.5363,-1.3308,0.9325,-0.7291,-0.3915,0.1068,0.1027,-0.3673,-0.1502
TCGA-D9-A4Z3-01,1.4778,-1.1883,-1.0814,-0.9934,-0.5020,-0.9686,-0.6913,-0.9103,-1.4574
TCGA-D9-A4Z5-01,0.8569,4.1686,4.0802,-0.6604,-0.4883,0.1780,0.3873,-0.7979,0.9156
TCGA-D9-A4Z6-06,-0.7028,0.2622,-1.2524,-0.7996,-0.5728,-0.4274,0.8199,-0.5992,0.2527
TCGA-EB-A431-01,-1.2598,-1.2469,-0.1539,-0.7911,-0.5396,0.1200,3.4328,-0.2641,0.4664
TCGA-EB-A44N-01,2.3757,1.6591,-0.0681,-0.5431,-0.2547,0.0217,-0.3532,-0.3554,-0.2945
TCGA-EB-A44O-01,-0.8396,-0.6178,-0.4234,-0.3540,-0.5469,-0.8077,-0.2467,-0.6607,-0.8701
TCGA-EB-A44P-01,0.6213,-0.0765,0.1993,-0.4700,-0.5392,0.7720,0.0907,0.0899,1.4914
TCGA-EB-A44Q-06,-0.9417,-0.1635,-0.5795,-0.4987,0.0368,0.7866,-0.4402,1.8499,7.8443
TCGA-EB-A44R-06,3.6037,0.4289,-0.6477,-0.5656,-0.3536,-0.9006,-0.1941,-0.2016,-0.4261
TCGA-EB-A4IQ-01,0.4729,2.0940,-0.0899,-0.8895,-0.5618,-0.4204,-0.0747,-0.8072,-1.1083
TCGA-EB-A4IS-01,0.6184,-0.6915,-0.1207,0.3287,0.3328,2.5127,1.0334,1.9048,2.3873
TCGA-EB-A4OY-01,0.4633,1.9381,0.9757,-0.4943,-0.5180,-0.0541,1.2836,-0.9798,-0.7408
TCGA-EB-A4OZ-01,4.3535,3.3689,0.4806,0.7444,-0.2461,8.1183,3.3248,-0.3558,0.5210
TCGA-EB-A4P0-01,-0.4599,-0.9640,-0.3677,-0.2523,-0.5377,-0.7079,0.0702,-0.8279,-0.0179
TCGA-FS-A4F4-06,-0.9161,1.8217,9.4164,0.4847,-0.3640,-0.5937,1.1142,-0.4427,-0.6139
TCGA-FS-A4F5-06,0.5182,-1.0706,0.3673,-0.5193,-0.5495,-0.6193,-1.0570,-0.7013,0.3746
TCGA-FS-A4F8-06,-0.3652,0.1943,1.3500,0.6481,1.3369,-0.2770,0.0811,-0.3954,-0.6268
TCGA-FS-A4FB-06,0.6235,-1.2466,0.5940,-0.9533,-0.5767,-0.9384,-0.9154,-0.9331,-0.5594
TCGA-FS-A4FD-06,0.7605,0.5955,-0.5874,-0.7248,-0.4949,-0.9790,-0.8774,-0.7784,-1.0151
TCGA-BF-A5EO-01,-0.2765,1.9583,1.0007,-0.1699,-0.5007,0.6109,1.3776,-0.6482,0.6299
TCGA-BF-A5EP-01,-1.3669,-0.9411,0.1132,0.4867,-0.5689,-0.5045,-0.0905,-0.6419,-1.2397
TCGA-BF-A5EQ-01,-0.5091,-0.4593,7.9528,0.9660,-0.3035,-0.3483,0.3026,-0.2831,-0.0311
TCGA-BF-A5ER-01,1.4150,-0.3651,-0.3511,-0.0320,-0.5616,-0.6130,1.5009,-1.0633,0.1553
TCGA-BF-A5ES-01,0.8207,0.5888,0.2945,-0.4288,-0.4851,-0.5959,0.7645,-0.4572,0.9184
TCGA-D3-A5GL-06,0.4589,-1.4955,-0.6274,-0.9250,-0.5712,-0.8230,-0.4186,-0.8263,-0.5899
TCGA-D3-A5GN-06,-0.0822,-0.1003,0.4225,0.8072,-0.4236,-0.9166,-0.9022,0.1548,-0.6045
TCGA-D3-A5GO-06,0.2153,-2.0290,1.1128,0.0620,-0.4340,6.3143,-0.4586,1.6049,0.2520
TCGA-D3-A5GR-06,-0.4020,-0.0112,0.3164,0.0299,0.1705,-0.8607,-0.6014,-0.3055,-1.0091
TCGA-D3-A5GS-06,0.3833,0.0104,1.9886,-0.7425,-0.3039,-0.6347,0.1868,0.1700,0.0548
TCGA-D3-A5GU-06,-0.1021,-0.6499,-0.1004,-0.6641,-0.3441,-0.8974,-0.6349,-0.1965,1.1708
TCGA-EB-A4XL-01,0.2817,0.1033,1.5952,-0.6895,-0.4012,-0.0306,-0.1355,0.0781,1.1462
TCGA-EB-A51B-01,-0.2928,-0.7949,-0.4879,-0.4951,-0.5540,-0.7117,0.2722,-0.2049,0.1297
TCGA-EB-A550-01,3.0807,2.7879,0.3213,-0.7507,-0.5359,0.5576,0.1918,-0.4356,-0.2903
TCGA-EB-A551-01,-0.7422,-0.9798,-0.4576,-0.3522,0.0596,0.8289,0.9192,2.3019,0.3843
TCGA-EB-A553-01,-0.8531,0.7045,-0.7333,-0.0726,-0.4587,0.3811,0.1987,-0.9859,0.0522
TCGA-EB-A5FP-01,-1.4109,0.0448,-0.8797,-0.9689,-0.5867,-0.5513,-0.7002,-0.8117,-0.6221
TCGA-EB-A5KH-06,1.8474,1.5864,0.6639,-0.9808,-0.4549,-0.7614,0.8111,-1.0531,1.7540
TCGA-FW-A5DX-01,-0.6917,-0.3735,0.5250,-0.7828,-0.5437,-1.1001,-1.2716,-0.5665,-0.8934
TCGA-HR-A5NC-01,-0.5573,-0.7052,0.6829,-0.7944,-0.5529,-0.9972,-0.9427,-0.9098,-1.3802
TCGA-D3-A5GT-01,-0.5028,-0.7009,-0.7914,-0.6241,-0.5736,-0.8942,-0.3459,-1.1381,-0.1873
TCGA-D9-A6E9-06,-0.9151,-1.1994,0.1456,2.7226,0.7477,1.1545,2.4041,2.2942,0.5760
TCGA-D9-A6EA-06,-0.7197,-0.8295,2.1448,0.7087,-0.5547,-0.0087,-0.2538,-0.5628,-0.8366
TCGA-D9-A6EC-06,-0.4941,-0.8156,0.2412,0.4061,-0.5654,0.6702,-0.8487,-0.1835,-0.1938
TCGA-EB-A57M-01,2.5212,0.3893,0.6880,-0.4694,-0.3808,0.4536,0.0791,-0.8714,1.4348
TCGA-EB-A5SE-01,4.4525,-0.4276,-0.1828,-0.8469,-0.5568,-0.8788,-0.6910,-0.7805,0.4208
TCGA-EB-A5SF-01,5.8792,4.5987,1.1861,-0.6210,-0.5747,0.1782,1.8570,-1.1498,-0.2600
TCGA-EB-A5SG-06,-1.1545,-1.3583,0.5662,1.4315,0.5613,0.2437,0.6863,2.5222,-0.2734
TCGA-EB-A5SH-06,1.1058,4.2165,2.3526,-0.8127,-0.3565,-0.9412,-0.4584,-1.0865,-0.3185
TCGA-EB-A5UL-06,-1.0182,-0.4907,-0.1737,-0.5587,-0.1965,-0.1271,-0.0610,0.3803,1.3314
TCGA-EB-A5UM-01,-0.4987,0.1268,-0.8927,0.8039,-0.2217,0.5894,0.2077,-0.5910,1.5332
TCGA-EB-A5UN-06,-0.3841,-1.7980,-0.4899,-0.8153,-0.5401,-0.6386,-0.3127,0.3201,1.6715
TCGA-FR-A69P-06,0.3101,-0.8640,-0.7000,-0.7117,-0.5324,-1.0153,-1.0736,-0.9100,-1.2480
TCGA-FW-A5DY-06,1.0740,-0.8452,0.0173,2.1718,1.4614,0.4535,-0.3131,-0.3565,-0.4530
TCGA-GF-A6C8-06,0.5663,-0.6656,-0.1797,-0.5170,-0.3922,1.6131,0.4454,1.0325,-0.6589
TCGA-GF-A6C9-06,0.9161,-0.6800,-0.4033,1.6987,0.6284,2.4809,0.9148,0.2813,-0.5378
TCGA-QB-A6FS-06,0.4496,0.5125,1.4932,1.0799,-0.0924,0.5486,2.1291,-0.6158,1.2064
TCGA-RP-A690-06,-1.1849,0.9426,1.0228,-1.0312,-0.5084,-0.9288,0.0197,-1.0408,0.2149
TCGA-RP-A693-06,0.0837,-0.7733,0.2486,0.0733,-0.3068,0.0314,-0.2287,0.9616,0.9645
TCGA-RP-A694-06,-0.0649,-0.4873,-0.4615,-0.1581,-0.4407,-1.0237,-0.7738,-0.0631,-0.4409
TCGA-RP-A695-06,-0.4613,-1.4328,-0.9294,-0.4805,-0.4538,-0.8441,-0.6754,-0.7294,-1.0263
TCGA-D9-A6EG-06,-1.2704,-0.3257,-0.7991,-0.8841,-0.5740,-1.0416,-0.4112,-0.8146,-0.2236
TCGA-EB-A5VU-01,0.6576,-0.8833,-0.5652,0.0835,-0.5315,-0.9955,-1.2939,-0.6220,-0.4082
TCGA-EB-A5VV-06,-1.1326,-0.5724,-0.7914,2.7052,5.0441,1.6897,-0.2237,-0.5226,-0.5080
TCGA-EB-A6L9-06,-0.0447,-0.2186,1.2993,0.7846,1.3653,3.0158,1.3266,-0.5296,1.3533
TCGA-EB-A6QY-01,-0.6395,-0.8338,-0.6460,-0.9916,-0.5480,-0.9946,-0.5537,-0.7475,0.1274
TCGA-EB-A6QZ-01,-0.2131,0.5649,2.6201,-0.4872,-0.5706,-0.6069,-0.6980,-0.7188,-0.5439
TCGA-EB-A6R0-01,-0.2621,-1.4784,-1.0638,-0.1528,-0.3341,2.0867,1.7654,1.5597,5.1394
TCGA-FR-A726-01,-0.1745,-0.0622,0.2300,1.0530,-0.5499,-0.7885,-0.8258,-0.9177,1.4431
TCGA-FR-A728-01,-0.9485,-0.5522,-1.0137,0.2717,-0.2772,0.2091,0.1687,0.1146,-0.3701
TCGA-GF-A769-01,-0.1586,0.1810,-0.4227,-0.8519,-0.5606,-0.5408,-0.9387,-0.6250,-1.0179
TCGA-GN-A4U3-06,-1.4360,-1.5267,-0.6983,-0.8614,-0.5592,-0.5090,-0.6896,-0.7816,-0.8064
TCGA-GN-A4U4-06,0.9492,-0.6183,-0.9236,-0.9109,-0.4776,-0.8944,-0.5723,-0.8581,-0.3811
TCGA-GN-A4U5-01,1.2314,-0.3530,1.3288,0.0774,-0.2234,1.3907,1.3189,1.6030,3.4376
TCGA-GN-A4U7-06,-1.3438,-1.4721,-0.9881,-0.6666,-0.5779,-0.7613,-0.7298,-1.0559,0.1094
TCGA-GN-A4U8-06,0.1698,-0.3266,-0.0991,-0.2421,-0.0950,-0.0085,0.0683,0.6309,0.4254
TCGA-GN-A4U9-06,-0.3544,-1.1245,-1.2193,0.3940,-0.4887,-1.0453,-1.2629,-0.9340,-1.4678
TCGA-OD-A75X-06,0.2325,-0.5944,0.4176,-0.9712,-0.5418,-0.5912,-0.6335,0.5633,-1.0392
TCGA-EB-A82B-01,-0.4258,0.7704,-0.8587,-0.0032,-0.3704,0.0668,0.0682,0.7892,-0.3201
TCGA-EB-A82C-01,-0.3514,-1.0533,-0.6242,-0.9998,-0.5798,0.1086,-0.6494,-0.7257,-0.0664
TCGA-EB-A85I-01,-0.4556,0.9797,-0.6110,0.7621,-0.4119,1.0472,0.8186,-0.0803,-0.3162
TCGA-EB-A85J-01,-0.8529,0.2834,-0.1288,1.8796,-0.1216,-0.7096,-0.1154,1.3515,-0.3241
TCGA-FR-A729-06,0.1008,-0.7716,-0.3959,-0.1972,0.1474,0.3207,1.1962,0.9678,1.3500
TCGA-FR-A7U8-06,0.1686,0.8799,-0.9029,-0.0799,-0.5619,1.4283,0.3529,-0.2146,-0.8947
TCGA-FR-A7U9-06,-1.2378,-0.0071,-0.9097,1.6788,-0.3280,0.2466,2.6968,-0.3486,-0.8982
TCGA-FR-A7UA-06,-1.2031,-0.4913,-0.3967,0.7257,1.6556,-0.0670,0.8457,2.8032,0.7925
TCGA-RP-A6K9-06,-0.9527,2.1923,-0.1783,-0.0936,-0.3478,-0.7983,-0.2703,-0.5162,-0.3340
TCGA-W3-A824-06,-0.1971,-1.4192,-0.1710,-0.1321,-0.3678,2.3729,1.5746,0.6676,1.6267
TCGA-W3-A825-06,0.9689,-0.6742,-1.1249,0.9395,-0.2978,-0.3960,-0.4636,-0.4617,-0.7289
TCGA-W3-A828-06,0.3688,-0.4719,0.4391,0.1072,-0.4407,-0.7713,-0.3640,-0.9540,-0.6316
TCGA-BF-A9VF-01,-0.3307,-1.1849,-0.9760,-0.8235,-0.5852,-0.8635,0.5337,-1.0678,-0.6986
TCGA-D3-A2JE-06,-0.7329,-0.7118,-0.7356,1.2783,-0.5697,-1.1098,-1.5190,-1.0905,-1.6818
TCGA-D3-A8GB-06,-0.7464,-0.3103,-0.0648,0.3408,0.1034,2.2612,1.5010,-0.2795,1.9311
TCGA-D3-A8GC-06,-1.2547,-1.0973,-0.3419,0.0970,-0.4791,-0.7182,-0.9759,-0.2847,-1.1426
TCGA-D3-A8GD-06,-1.2854,-1.1657,-0.5598,1.4157,0.5579,3.9316,3.5796,1.6618,2.1010
TCGA-D3-A8GE-06,-0.5374,0.9966,1.3243,-0.0322,-0.1737,-0.6492,0.7524,-0.3010,-0.0019
TCGA-D3-A8GI-06,0.8450,1.1762,0.1209,0.2154,-0.5621,0.1526,2.1523,-0.9396,-0.8437
TCGA-D3-A8GJ-06,-0.4165,0.3127,-0.0031,0.8868,0.1562,0.8424,1.0847,1.5970,1.5136
TCGA-D3-A8GK-06,0.4195,-0.1481,-1.1105,-0.8158,-0.5801,-0.8825,-0.2935,-0.9607,-1.1917
TCGA-D3-A8GL-06,0.6645,-1.5308,-0.2127,-0.8476,-0.5809,-0.4966,0.0627,-0.6888,-0.3700
TCGA-D3-A8GM-06,-1.0840,0.1496,-0.4447,-0.9035,-0.4033,0.3216,1.1877,1.1661,1.1178
TCGA-D3-A8GN-06,0.0643,0.2737,0.4807,0.9048,-0.2818,-0.4112,-0.3704,1.3242,0.1119
TCGA-D3-A8GO-06,-0.2082,-0.4650,-0.1390,-0.1551,-0.1416,0.2708,-0.3272,-1.0646,-1.0211
TCGA-D3-A8GP-06,0.1159,-1.3389,-0.0086,-0.8205,-0.5707,-0.9436,-0.9653,-0.6426,-0.2929
TCGA-D3-A8GQ-06,1.4832,-0.9600,-0.2471,1.2447,-0.5199,-0.3184,-0.5640,-0.7973,-0.7843
TCGA-D3-A8GR-06,0.2792,-1.0921,-0.6895,-0.7750,-0.5611,1.4616,-0.2661,-0.9593,1.8810
TCGA-D3-A8GS-06,-1.1886,-0.6535,-0.1963,-0.0884,-0.2647,1.6380,0.6602,-0.0082,-0.3682
TCGA-D3-A8GV-06,2.3647,-0.5943,-1.2828,0.7471,-0.5698,-0.9483,-0.2191,-0.6920,-0.8805
TCGA-DA-A95V-06,-0.6975,0.4478,-0.1188,-0.4031,-0.2509,-0.1190,3.0768,0.4617,0.7129
TCGA-DA-A95W-06,0.1938,-0.0899,-0.1422,-0.6257,-0.4731,-0.8898,-0.2335,-0.4786,-0.9308
TCGA-DA-A95X-06,-1.3739,-1.4219,-0.5326,-0.8128,-0.4416,0.1065,-0.1849,-0.0516,-1.0365
TCGA-DA-A95Y-06,-0.9812,-1.1026,-1.1147,-0.8921,-0.5386,0.5640,0.2908,-0.7263,0.9096
TCGA-DA-A95Z-06,1.6295,0.6293,1.0089,-0.1555,-0.5440,-1.0254,-1.0971,-0.7913,-1.2593
TCGA-DA-A960-01,-0.4363,-0.6156,0.1242,-1.0045,-0.5751,-0.4932,0.0807,-1.1054,-1.1449
TCGA-FR-A8YC-06,-0.7054,0.1003,0.8402,-0.7224,-0.4620,-0.0402,-0.4267,-0.6630,-0.3448
TCGA-FR-A8YD-06,0.9513,1.8577,1.2153,0.5265,-0.5133,-0.8273,1.6938,-1.0135,-0.6585
TCGA-FR-A8YE-06,-0.9434,-0.1595,1.4120,0.7166,1.9164,-0.0517,-0.2572,-0.5397,-0.3815
TCGA-GN-A8LK-06,-1.2142,0.1041,-1.1763,-0.6103,-0.5895,-0.5212,1.8876,-1.0214,-1.5692
TCGA-GN-A8LL-06,0.2326,0.8159,1.4905,-0.9794,-0.5672,0.5196,0.2529,-0.6960,3.0994
TCGA-GN-A8LN-01,-0.6801,-1.3421,2.7590,-0.3949,-0.5039,-0.4187,-0.7494,-0.8580,-0.6840
TCGA-WE-A8JZ-06,-0.3163,-1.0311,0.6696,-0.6073,-0.5046,-0.5245,-0.9021,-0.2798,0.6579
TCGA-WE-A8K1-06,-0.9304,-0.3733,0.0110,-0.5423,-0.1946,0.2694,0.4531,0.8189,1.4481
TCGA-WE-A8K4-01,-1.0950,-1.1533,-0.4544,-0.6458,-0.2125,3.0081,0.6006,2.1550,3.4850
TCGA-WE-A8K5-06,0.2041,2.3075,1.1656,-0.1543,-0.4481,-0.8369,-0.2302,-0.2450,0.1260
TCGA-WE-A8K6-06,1.3781,-1.1418,-0.4961,-0.6873,-0.5505,0.2070,0.3488,-0.9039,-1.0063
TCGA-WE-A8ZM-06,0.1747,1.1918,0.0213,-0.2383,-0.5720,-0.8948,3.8908,-1.0054,0.7266
TCGA-WE-A8ZN-06,-0.6018,0.7066,-0.2804,0.3595,-0.3391,1.0302,0.6451,-0.6596,-0.7554
TCGA-WE-A8ZO-06,-0.7079,-0.6168,0.5307,-0.5796,-0.3073,-0.7360,-0.1668,0.9245,0.8741
TCGA-WE-A8ZQ-06,0.7655,0.0336,-0.3543,1.5076,-0.5771,-0.5850,-1.1015,-0.9440,-1.1276
TCGA-WE-A8ZR-06,-1.2386,0.3393,0.9626,-0.5802,-0.4090,-0.9225,-0.4597,-0.3406,-1.0090
TCGA-WE-A8ZT-06,-1.1637,0.2498,1.5292,-0.9560,-0.4920,-1.0231,-0.8514,-0.7410,-0.1303
TCGA-WE-A8ZX-06,-0.7005,-0.4903,-0.6879,-0.2632,-0.3001,-0.5358,0.1277,-0.1744,-1.2122
TCGA-WE-A8ZY-06,-0.4319,-0.8358,0.3035,-0.9824,-0.5300,-0.1222,-0.0925,0.3267,0.1451
TCGA-YD-A89C-06,2.2057,-0.1711,-0.9651,-0.1823,-0.5634,-1.0117,-0.2103,-1.0239,-1.5334
TCGA-Z2-A8RT-06,-1.0578,0.3606,0.6605,-0.6751,-0.1980,0.0559,-0.1371,0.3866,1.4931
TCGA-3N-A9WB-06,-0.5189,-0.8326,-0.4154,0.4989,-0.5869,-0.1011,-0.5856,-0.7922,-0.6620
TCGA-3N-A9WC-06,-0.5368,0.4270,2.1771,1.7397,0.0314,0.0213,0.8563,2.0337,0.3309
TCGA-3N-A9WD-06,-0.7475,0.2856,3.5858,-0.0097,-0.1606,-0.1967,-0.5726,-0.2471,-1.0624
TCGA-EB-A97M-01,-0.2770,-0.4188,-0.2073,-0.4174,-0.4689,-0.2220,0.3282,-0.1214,-0.5784
TCGA-LH-A9QB-06,-1.0021,-0.5187,2.9032,0.7517,-0.5558,-0.2937,-0.9439,-0.7740,-1.3087
TCGA-W3-AA1O-06,-1.0925,-1.1140,-1.0117,-0.8595,-0.5530,-0.9073,-0.9042,-0.8300,-1.0126
TCGA-W3-AA1Q-06,-0.4071,-1.3342,-0.4254,-0.4609,-0.3546,-0.7488,-0.5453,-0.2499,-0.4498
TCGA-W3-AA1W-06,-0.9560,-0.7697,-1.1737,1.0357,0.8518,2.6487,1.6006,2.7833,3.3225
TCGA-W3-AA21-06,-0.1381,-1.5406,-0.6159,-0.1961,-0.5327,2.0269,-0.2956,-0.9465,-0.4035
TCGA-WE-AA9Y-06,-0.1107,-0.1219,-0.6274,0.2998,-0.1322,-0.8847,-0.6104,-1.0369,-0.6756
TCGA-WE-AAA0-06,-0.4952,-0.6464,-0.2438,-0.5464,-0.2960,0.8173,0.8007,-0.0313,0.4980
TCGA-WE-AAA3-06,0.3517,-0.0219,0.4419,0.3432,-0.3465,-0.7334,-0.5520,0.2389,0.2538
TCGA-WE-AAA4-06,1.0919,0.6759,-0.4538,1.0572,0.3791,1.8160,4.3543,0.4639,2.2754
TCGA-XV-A9VZ-01,10.0694,29.8719,3.5361,-0.4191,-0.5597,-0.7985,-0.3446,-1.0647,-0.9943
TCGA-XV-A9W5-01,2.0453,1.0360,4.5429,-0.3705,-0.5164,-0.7289,-0.1889,-0.2621,-0.5597
TCGA-YG-AA3N-01,-0.3409,0.1587,0.2803,-0.5617,0.0438,-0.2897,1.7012,0.0814,-0.2029
TCGA-YG-AA3O-06,-1.3368,-1.1984,-1.1042,-0.3191,-0.4465,-0.9931,-0.9484,-0.8597,0.3467
TCGA-YG-AA3P-06,-0.3365,2.2114,0.4093,-1.0362,-0.5489,-0.9376,-1.1205,-0.9953,-0.7720
TCGA-BF-AAOU-01,-0.5447,-0.6732,0.3921,1.6167,-0.5055,-0.8828,0.1190,-0.4025,0.0931
TCGA-BF-AAOX-01,-1.1452,0.4869,0.5660,-0.9963,-0.5585,-0.7407,-0.2174,-0.9796,-0.0004
TCGA-BF-AAP0-06,-0.1109,-0.8995,-0.4278,0.4089,0.6801,0.4251,0.5322,0.5153,0.7720
TCGA-BF-AAP1-01,1.4687,0.1222,1.0951,-0.7413,-0.5542,-0.9432,-0.5878,-1.0659,0.4958
TCGA-QB-AA9O-06,-0.9679,-1.4808,-1.0299,0.4928,-0.3626,-0.4456,-0.6435,-0.6029,-1.3141
TCGA-W3-AA1R-06,-1.0435,-1.8097,-0.2407,3.0176,-0.5218,-0.3119,-0.5627,0.3119,-0.7136
TCGA-XV-A9W2-01,0.4766,0.4517,0.9212,-0.6480,-0.5479,0.3285,-0.2210,-0.3842,-0.7846
TCGA-YD-A9TA-06,-1.1420,0.9096,-0.5933,1.4048,-0.3001,-0.5342,-0.9753,-0.3520,-1.0682
TCGA-Z2-AA3S-06,0.0403,-0.9778,-0.7076,-0.9960,-0.4408,-0.8133,-0.4727,-0.5255,-0.3614
TCGA-Z2-AA3V-06,-0.3987,2.9636,-0.4210,-0.1568,0.1412,0.3266,4.4448,-0.6348,-0.0170
TCGA-BF-AAP2-01,-0.4627,-0.3194,1.1833,-0.6066,-0.4018,0.1998,0.0029,-0.5279,-0.6260
TCGA-BF-AAP4-01,-0.8551,-0.6694,-0.3419,-0.2815,-0.3641,-0.6299,0.2850,1.9434,1.6481
TCGA-BF-AAP6-01,0.9761,-1.1315,-0.2570,-0.9316,-0.5609,-0.2867,-0.6193,-0.6075,-0.2624
TCGA-BF-AAP7-01,1.3503,-0.3745,0.2615,0.4753,-0.2264,2.8676,1.5464,0.3192,1.7772
TCGA-BF-AAP8-01,-0.6075,1.9281,-0.9115,-0.4627,-0.4951,-0.6207,-1.1128,-1.0226,-0.6933
TCGA-GN-A9SD-06,-1.0612,-0.8356,-0.6628,0.7399,0.8312,-0.5517,-0.5537,-0.5356,0.0471
TCGA-W3-AA1V-06,-1.3900,-1.0173,0.7220,2.1659,-0.4509,-0.7097,0.3696,-0.3852,-1.1151
TCGA-XV-AAZV-01,3.7004,0.3133,-0.2994,0.4336,-0.2997,0.8880,0.8146,-0.6380,-0.3121
TCGA-XV-AAZW-01,0.2267,-0.2631,-0.0664,-0.4765,-0.5706,0.1022,-0.5734,-0.9335,-0.8312
TCGA-XV-AAZY-01,-0.2188,0.1050,0.0263,-0.3880,-0.3444,2.6232,1.6505,-0.6768,1.0401
TCGA-XV-AB01-06,0.0222,1.8863,9.4125,-0.5503,-0.3361,-0.5156,1.5503,-1.0677,-0.0584
TCGA-YD-A9TB-06,0.0920,-0.6016,-0.2557,-0.1278,-0.4226,-0.7661,-0.8298,-0.7210,-0.4081
